14;"中药"
4;"清新口感"
2;"智慧之选"
2;"匠心独具"
6;"品质卓越"
3;"艺术呈现"
19;"精致"
1;"味觉记忆"
15;"好看"
18;"国风"
1;"灵感来源"
4;"时尚饮品"
20;"国潮"
4;"东方韵味"
10;"围炉煮茶，"
3;"清新自然"
1;"四季茶饮"
13;"健康"
8;"新中式"
14;"高端"
18;"养生"
11;"围炉煮冰"
12;"悠闲"
5;"口感创新"
2;"东方风情"
1;"原料精选"
10;"高品质"
14;"原料"
2;"传承经典"
10;"茶文化，"
11;"松弛感"
5;"中药茶饮"
3;"健康之选"
1;"口感丰富"
1;"品质生活"
2;"味觉享受"
2;"天然原料"
4;"果茶"
1;"独特口感"
3;"创新"
2;"氛围"
1;"手工揉捻"
2;"匠心独运"
2;"时尚潮流"
4;"口感独特"
10;"古风"
2;"传统与现代结合"
1;"消费者体验"
13;"中式"
1;"跨界碰撞"
2;"艺术茶饮"
1;"文化底蕴"
2;"传统风味"
1;"纯粹口"
2;"味觉艺术"
1;"创新精神"
1;"品味非凡"
3;"味觉盛宴"
11;"氛围感"
2;"品质至上"
2;"时尚元素"
6;"独特配方"
3;"品质"
1;"鲜奶"
2;"灵感碰撞"
1;"四季皆宜"
1;"清新怡人"
4;"草本茶"
3;"健康茶饮"
1;"传统茶韵"
2;"品质保证"
2;"多元化"
1;"味觉冒险"
2;"现代气息"
1;"花茶"
2;"独特魅力"
2;"文化融合"
1;"精致生活"
3;"健康养生"
2;"跨界合作"
1;"精致典雅"
2;"高品质服务"
1;"天然成分"
1;"智慧茶饮"
1;"灵感四溢"
1;"个性鲜明"
1;"绿色环保"
1;"社交属性"
1;"手工泡制"
